FID,OBJECTID,DBUID,DAUID,CDUID,CTUID,CTNAME,DBuid_1,DBpop2011,DBtdwell20,DBurdwell2,Shape_Leng,Shape_Area,CTIDLINK,Shape__Area,Shape__Length
1,501,1310024304,13100243,1310,3200002.00,0002.00,1310024304,60,25,22,0.00746165241824,2.813107519e-06,3200002,2.813108977e-06,0.007461654645031
2,502,1310032004,13100320,1310,3200010.00,0010.00,1310032004,15,3,3,0.00900827510008,3.317462079e-06,3200010,3.317463798e-06,0.009008277516873
3,503,1310017103,13100171,1310,3200014.00,0014.00,1310017103,0,0,0,0.0106019393194,6.768768013e-06,3200014,6.768771522e-06,0.010601942045247
4,504,1310018301,13100183,1310,3200012.00,0012.00,1310018301,108,60,50,0.0395993643331,6.7549688487e-05,3200012,6.7549728121e-05,0.039599086590659
5,505,1310022905,13100229,1310,3200007.00,0007.00,1310022905,129,47,44,0.0118334980512,5.298382982e-06,3200007,5.298385728e-06,0.011833501614239
6,506,1310022104,13100221,1310,3200004.00,0004.00,1310022104,0,0,0,0.0271419964812,1.9745465947e-05,3200004,1.9745476182e-05,0.027142005059852
7,507,1310018908,13100189,1310,3200012.00,0012.00,1310018908,90,34,34,0.00863878422612,3.10838911e-06,3200012,3.108390721e-06,0.008638786682676
8,508,1310019204,13100192,1310,3200013.00,0013.00,1310019204,81,36,35,0.00803557291546,3.128805187e-06,3200013,3.128674806e-06,0.008035177834442
9,509,1310030502,13100305,1310,3200009.00,0009.00,1310030502,76,32,32,0.00905539450925,4.49257252e-06,3200009,4.492574848e-06,0.00905539667472
10,510,1310020406,13100204,1310,3200003.00,0003.00,1310020406,78,55,48,0.00741028739703,2.898440623e-06,3200003,2.898442125e-06,0.007410289596282
11,511,1310019101,13100191,1310,3200013.00,0013.00,1310019101,202,103,100,0.0087764126392,4.622674996e-06,3200013,4.622677392e-06,0.008776414933144
12,512,1310030112,13100301,1310,3200013.00,0013.00,1310030112,117,45,44,0.0701733954869,0.000242944137233,3200013,0.000242944263131,0.070173413895964
13,513,1310023101,13100231,1310,3200006.00,0006.00,1310023101,61,19,19,0.00766809567148,3.494145807e-06,3200006,3.492422624e-06,0.007667234735457
14,1,1310019606,13100196,1310,3200013.00,0013.00,1310019606,44,18,18,0.00686757856289,2.265823352e-06,3200013,2.265824527e-06,0.00686758059963
15,514,1310025306,13100253,1310,3200008.00,0008.00,1310025306,42,23,21,0.00579012644863,1.881119506e-06,3200008,1.880968486e-06,0.005789944996934
16,2,1310020813,13100208,1310,3200001.00,0001.00,1310020813,0,0,0,0.00514616526589,1.562393645e-06,3200001,1.562394455e-06,0.005146166703609
17,515,1310030129,13100301,1310,3200013.00,0013.00,1310030129,10,4,4,0.00275663556852,5.1444999e-07,3200013,5.14019399e-07,0.002755728509811
18,516,1310017008,13100170,1310,3200014.00,0014.00,1310017008,0,0,0,0.000410853899659,2.832698e-09,3200014,2.832699e-09,0.000410854000861
19,517,1310017008,13100170,1310,3200014.00,0014.00,1310017008,0,0,0,0.000280962003434,1.0931e-11,3200014,,
20,518,1310017008,13100170,1310,3200014.00,0014.00,1310017008,0,0,0,0.0200884993312,8.748453501e-06,3200014,8.748276157e-06,0.020088278026089
21,519,1310023501,13100235,1310,3200006.00,0006.00,1310023501,34,15,15,0.00540642577644,1.746115249e-06,3200006,1.744772903e-06,0.005405341865383
22,520,1310026405,13100264,1310,3200022.00,0022.00, ,0,0,0,0.0101417411586,1.572223935e-06,3200022,1.57222475e-06,0.010141744253971
23,3,1310021706,13100217,1310,3200004.00,0004.00,1310021706,41,20,19,0.00767638731088,2.934995068e-06,3200004,2.934996589e-06,0.007676389645627
24,4,1310017111,13100171,1310,3200014.00,0014.00,1310017111,77,35,35,0.0526826092241,5.3328519601e-05,3200014,5.3328547244e-05,0.05268262202123
25,5,1310017106,13100171,1310,3200014.00,0014.00,1310017106,5,1,1,0.00320009627883,4.98294537e-07,3200014,4.98294796e-07,0.003200097132406
26,6,1310032006,13100320,1310,3200010.00,0010.00,1310032006,46,35,28,0.00447138812329,1.145515514e-06,3200010,1.145516108e-06,0.004471389333944
27,7,1310018603,13100186,1310,3200012.00,0012.00,1310018603,357,135,135,0.0339811379328,3.5076696952e-05,3200012,3.5076715131e-05,0.033981147523487
28,8,1310021302,13100213,1310,3200002.00,0002.00,1310021302,87,44,41,0.00952666044285,4.796021405e-06,3200002,4.796023891e-06,0.009526663254416
29,9,1310031905,13100319,1310,3200010.00,0010.00,1310031905,30,18,17,0.0054212558744,1.581680961e-06,3200010,1.581681781e-06,0.005421257334265
30,10,1310030307,13100303,1310,3200009.00,0009.00,1310030307,67,26,24,0.0145057634427,1.0116820539e-05,3200009,1.0116825782e-05,0.014505767695771
31,11,1310021701,13100217,1310,3200004.00,0004.00,1310021701,18,8,8,0.00455083145943,1.369824885e-06,3200004,1.369825595e-06,0.004550832705895
32,12,1310030404,13100304,1310,3200009.00,0009.00,1310030404,25,10,10,0.0105144546958,3.729843844e-06,3200009,3.729845777e-06,0.010514457903433
33,13,1310024701,13100247,1310,3200008.00,0008.00,1310024701,351,102,101,0.0457001496036,5.0156971316e-05,3200008,5.0157002602e-05,0.0457001625426
34,14,1310019201,13100192,1310,3200013.00,0013.00,1310019201,360,157,152,0.036091919885,3.4516669296e-05,3200013,3.451683283e-05,0.036091262657218
35,15,1310020802,13100208,1310,3200001.00,0001.00,1310020802,0,0,0,0.0173339711959,1.17694411e-05,3200001,1.17694472e-05,0.017333976466543
36,16,1310020003,13100200,1310,3200009.00,0009.00,1310020003,60,27,26,0.00769280304039,2.466488676e-06,3200009,2.466489955e-06,0.007692805430587
37,17,1310025405,13100254,1310,3200008.00,0008.00,1310025405,74,34,33,0.0096030245053,4.812505442e-06,3200008,4.812507935e-06,0.009603027402208
38,18,1310018704,13100187,1310,3200012.00,0012.00,1310018704,80,32,32,0.00984553084426,3.788572036e-06,3200012,3.788573999e-06,0.009845533427792
39,19,1310032001,13100320,1310,3200010.00,0010.00,1310032001,140,70,65,0.0109618635737,4.5144377e-06,3200010,4.51444004e-06,0.010961866064631
40,20,1310019203,13100192,1310,3200013.00,0013.00,1310019203,135,50,49,0.0104675022164,4.109156794e-06,3200013,4.109662679e-06,0.010466991133923
41,21,1310020405,13100204,1310,3200003.00,0003.00,1310020405,74,42,37,0.00736226126407,2.858513552e-06,3200003,2.858515033e-06,0.0073622634519
42,22,1310017804,13100178,1310,3200011.00,0011.00,1310017804,0,0,0,0.00165732986342,1.48741522e-07,3200011,1.48741599e-07,0.001657330351286
43,23,1310017005,13100170,1310,3200014.00,0014.00,1310017005,593,253,240,0.0545339575194,0.000155431491966,3200014,0.000155430203022,0.054533443489308
44,24,1310025603,13100256,1310,3200008.00,0008.00,1310025603,115,59,58,0.0115748999915,4.693945845e-06,3200008,4.693948277e-06,0.011574903051579
45,25,1310021505,13100215,1310,3200005.00,0005.00,1310021505,0,0,0,0.0107797223433,6.624746238e-06,3200005,6.624749672e-06,0.010779725477302
46,26,1310019601,13100196,1310,3200013.00,0013.00,1310019601,39,16,15,0.00586047163462,1.814788366e-06,3200013,1.814789306e-06,0.005860473366852
47,27,1310021509,13100215,1310,3200005.00,0005.00,1310021509,34,25,13,0.00705526257552,2.288037265e-06,3200005,2.288038451e-06,0.007055264731486
48,28,1310017006,13100170,1310,3200014.00,0014.00,1310017006,0,1,1,0.0643063416951,0.000109464489231,3200014,0.000109465312701,0.064306297742419
49,29,1310024807,13100248,1310,3200008.00,0008.00,1310024807,45,29,28,0.00705010081749,1.665641521e-06,3200008,1.665642384e-06,0.007050102767056
50,30,1310018808,13100188,1310,3200012.00,0012.00,1310018808,41,17,16,0.00565925812631,1.910362505e-06,3200012,1.910363495e-06,0.005659259538043
51,31,1310031801,13100318,1310,3200010.00,0010.00,1310031801,147,79,74,0.0141761745981,9.725299522e-06,3200010,9.725304563e-06,0.014176178823499
52,32,1310031804,13100318,1310,3200010.00,0010.00,1310031804,0,0,0,0.0218516906295,2.7050610037e-05,3200010,2.7050624058e-05,0.021851696893278
53,33,1310030301,13100303,1310,3200009.00,0009.00,1310030301,58,22,21,0.0917347576325,0.000153045218317,3200009,0.000153045297628,0.091734784088027
54,34,1310016905,13100169,1310,3200014.00,0014.00,1310016905,39,16,16,0.00747811555029,2.663130641e-06,3200014,2.663132022e-06,0.007478117768947
55,35,1310021004,13100210,1310,3200002.00,0002.00,1310021004,228,151,136,0.00776792813631,3.392171998e-06,3200002,3.392173756e-06,0.007767930400719
56,36,1310021805,13100218,1310,3200004.00,0004.00,1310021805,54,20,18,0.00972196531472,5.182504822e-06,3200004,5.182507508e-06,0.009721967965341
57,37,1310022207,13100222,1310,3200004.00,0004.00,1310022207,72,36,26,0.0083112466022,3.112288597e-06,3200004,3.112123296e-06,0.008311021099234
58,38,1310019902,13100199,1310,3200009.00,0009.00,1310019902,60,29,28,0.00875249565064,3.200233228e-06,3200009,3.200234887e-06,0.008752497836674
59,39,1310019103,13100191,1310,3200013.00,0013.00,1310019103,60,26,26,0.00781850167881,3.169819566e-06,3200013,3.169821209e-06,0.007818503408512
60,40,1310024207,13100242,1310,3200015.00,0015.00,1310024207,146,93,84,0.0839074567326,0.000212487106768,3200015,0.000212487216918,0.083907481134293
61,41,1310030202,13100302,1310,3200017.00,0017.00,1310030202,0,0,0,0.040032475174,1.62345012e-05,3200017,1.6234509612e-05,0.040032484784411
62,42,1310021510,13100215,1310,3200005.00,0005.00,1310021510,144,86,63,0.013630114485,7.970902686e-06,3200005,7.970906818e-06,0.013630118050563
63,43,1310021602,13100216,1310,3200004.00,0004.00,1310021602,58,28,25,0.0123298746509,4.442193458e-06,3200004,4.44219576e-06,0.012329877872296
64,44,1310030130,13100301,1310,3200013.00,0013.00,1310030130,19,7,7,0.00213868583072,1.69354547e-07,3200013,1.69354635e-07,0.002138686376909
65,45,1310020002,13100200,1310,3200009.00,0009.00,1310020002,205,88,86,0.0242805067044,1.0331991774e-05,3200009,1.0331997129e-05,0.02428051336659
66,46,1310020803,13100208,1310,3200001.00,0001.00,1310020803,52,44,39,0.00503415275948,1.503351013e-06,3200001,1.503351792e-06,0.005034154182828
67,47,1310031803,13100318,1310,3200010.00,0010.00,1310031803,202,87,83,0.07641573278,0.00014581863009,3200010,0.000145818705666,0.076415754144707
68,48,1310020202,13100202,1310,3200003.00,0003.00,1310020202,23,9,9,0.00461441159323,1.034884767e-06,3200003,1.034885303e-06,0.00461441296858
69,49,1310018501,13100185,1310,3200012.00,0012.00,1310018501,266,89,89,0.0172948747661,1.5104869176e-05,3200012,1.5104877004e-05,0.017294879375167
70,50,1310022701,13100227,1310,3200007.00,0007.00,1310022701,951,600,482,0.0253009188673,2.8493848742e-05,3200007,2.8493863512e-05,0.025300925353221
71,51,1310022205,13100222,1310,3200004.00,0004.00,1310022205,89,37,35,0.0116515686245,4.564183593e-06,3200004,4.564185959e-06,0.011651572238711
72,52,1310024203,13100242,1310,3200015.00,0015.00,1310024203,205,98,93,0.0209026685368,1.1891665193e-05,3200015,1.1891671357e-05,0.020902674087935
73,53,1310018602,13100186,1310,3200012.00,0012.00,1310018602,133,36,36,0.0120475571131,5.378276038e-06,3200012,5.378278825e-06,0.012047560696073
74,54,1310025303,13100253,1310,3200008.00,0008.00,1310025303,15,9,8,0.00471393584392,1.356467465e-06,3200008,1.357099032e-06,0.004713689244784
75,55,1310024702,13100247,1310,3200008.00,0008.00,1310024702,83,33,32,0.00957369776687,4.612168039e-06,3200008,4.61217043e-06,0.009573699947705
76,56,1310025301,13100253,1310,3200008.00,0008.00,1310025301,292,132,125,0.0218677951953,2.2836574795e-05,3200008,2.2836776959e-05,0.021866879503853
77,57,1310023203,13100232,1310,3200006.00,0006.00,1310023203,59,25,25,0.00902008428892,3.22684643e-06,3200006,3.227158794e-06,0.00902002368762
78,58,1310017901,13100179,1310,3200017.00,0017.00,1310017901,0,0,0,0.0103723484819,2.409147982e-06,3200017,2.40914923e-06,0.010372351225124
79,59,1310025002,13100250,1310,3200008.00,0008.00,1310025002,333,124,124,0.0319630333402,2.7422157023e-05,3200008,2.7422171235e-05,0.031963041808271
80,60,1310021603,13100216,1310,3200004.00,0004.00,1310021603,80,39,37,0.00949617690238,3.431744105e-06,3200004,3.431745884e-06,0.009496179325525
81,61,1310030121,13100301,1310,3200013.00,0013.00,1310030121,70,31,31,0.0158132647913,5.179053646e-06,3200013,5.17905633e-06,0.015813269742742
82,62,1310020503,13100205,1310,3200003.00,0003.00,1310020503,105,52,49,0.0076212027725,3.017928617e-06,3200003,3.017930181e-06,0.007621205038226
83,63,1310018503,13100185,1310,3200012.00,0012.00,1310018503,66,21,21,0.00773731959329,3.330736114e-06,3200012,3.33073784e-06,0.007737321815671
84,64,1310021102,13100211,1310,3200002.00,0002.00,1310021102,74,33,29,0.00788362358141,3.217835604e-06,3200002,3.217837272e-06,0.007883625936151
85,65,1310017007,13100170,1310,3200014.00,0014.00,1310017007,0,0,0,0.0240578326554,2.5329717248e-05,3200014,2.5329145525e-05,0.024057550143746
86,66,1310019901,13100199,1310,3200009.00,0009.00,1310019901,121,55,54,0.0143197407914,6.537786769e-06,3200009,6.537790157e-06,0.014319744545345
87,67,1310030110,13100301,1310,3200013.00,0013.00,1310030110,0,0,0,0.00613520854002,2.268754292e-06,3200013,2.26871311e-06,0.00613518360839
88,68,1310017605,13100176,1310,3200011.00,0011.00,1310017605,81,39,39,0.00709786647994,2.0931095e-06,3200011,2.093110585e-06,0.007097868676312
89,69,1310025604,13100256,1310,3200008.00,0008.00,1310025604,65,34,34,0.0144152677373,4.18783492e-06,3200008,4.18783709e-06,0.014415271629491
90,70,1310022505,13100225,1310,3200007.00,0007.00,1310022505,167,59,59,0.0136917450338,6.106626918e-06,3200007,6.106630084e-06,0.013691749050671
91,71,1310023904,13100239,1310,3200006.00,0006.00,1310023904,0,0,0,0.0102696658372,6.485007897e-06,3200006,6.485011259e-06,0.01026966858224
92,72,1310023105,13100231,1310,3200006.00,0006.00,1310023105,0,0,0,0.0101688798806,6.21454175e-06,3200006,6.214544972e-06,0.010168882637321
93,73,1310020704,13100207,1310,3200003.00,0003.00,1310020704,91,68,61,0.00733392792608,2.855453291e-06,3200003,2.855454771e-06,0.007333930099838
94,74,1310016804,13100168,1310,3200014.00,0014.00,1310016804,277,134,125,0.0900004244459,0.000103938049494,3200014,0.000103938103369,0.090000447100067
95,75,1310017801,13100178,1310,3200011.00,0011.00,1310017801,123,41,40,0.00869448108623,3.25083664e-06,3200011,3.250838325e-06,0.008694483662984
96,76,1310021405,13100214,1310,3200005.00,0005.00,1310021405,70,36,29,0.00930841490735,3.621748932e-06,3200005,3.621750809e-06,0.009308417279643
97,77,1310021106,13100211,1310,3200002.00,0002.00,1310021106,0,0,0,0.00852352933633,4.397377003e-06,3200002,4.397379283e-06,0.00852353176608
98,78,1310020105,13100201,1310,3200003.00,0003.00,1310020105,66,30,30,0.0675807220333,8.7095455423e-05,3200003,8.7095500563e-05,0.067580743631759
99,79,1310020904,13100209,1310,3200002.00,0002.00,1310020904,138,87,79,0.00724856850757,2.776769653e-06,3200002,2.776771092e-06,0.007248570660716
100,80,1310023604,13100236,1310,3200006.00,0006.00,1310023604,18,9,8,0.0169147773578,1.4245217062e-05,3200006,1.4245224448e-05,0.016914781911233
101,81,1310022902,13100229,1310,3200007.00,0007.00,1310022902,39,16,13,0.0114377281493,7.76122455e-06,3200007,7.761228573e-06,0.011437731323897
102,82,1310022103,13100221,1310,3200004.00,0004.00,1310022103,579,332,299,0.0314726193508,4.3320593348e-05,3200004,4.3320615802e-05,0.031472628971967
103,83,1310019003,13100190,1310,3200010.00,0010.00,1310019003,90,37,37,0.0104198789321,4.148721649e-06,3200010,4.148723799e-06,0.010419881812526
104,84,1310019802,13100198,1310,3200009.00,0009.00,1310019802,91,39,35,0.0115429531716,5.20969337e-06,3200009,5.20969607e-06,0.01154295617762
105,85,1310022805,13100228,1310,3200007.00,0007.00,1310022805,337,158,145,0.0264361416772,2.9255211262e-05,3200007,2.925592432e-05,0.026435600538484
106,86,1310023012,13100230,1310,3200007.00,0007.00,1310023012,0,0,0,0.00948308802503,2.923948522e-06,3200007,2.923950037e-06,0.009483091097531
107,87,1310019006,13100190,1310,3200010.00,0010.00,1310019006,32,13,13,0.0106835628411,4.340587394e-06,3200010,4.340589644e-06,0.010683566142699
108,88,1310023015,13100230,1310,3200007.00,0007.00,1310023015,102,51,43,0.196056478067,0.00189918771644,3200007,0.001899184360827,0.196055547368011
109,89,1310018909,13100189,1310,3200012.00,0012.00,1310018909,64,30,28,0.0122196840955,5.066991178e-06,3200012,5.066993804e-06,0.012219686895158
110,90,1310018806,13100188,1310,3200012.00,0012.00,1310018806,70,33,33,0.00915109888463,4.043206226e-06,3200012,4.043208321e-06,0.009151100972799
111,91,1310021001,13100210,1310,3200002.00,0002.00,1310021001,154,108,95,0.00736980453442,2.86558132e-06,3200002,2.865582806e-06,0.007369806723638
112,92,1310032003,13100320,1310,3200010.00,0010.00,1310032003,10,11,7,0.00520490097638,1.114487408e-06,3200010,1.114487986e-06,0.005204902225747
113,93,1310021204,13100212,1310,3200002.00,0002.00,1310021204,91,66,49,0.0142257551566,8.44761273e-06,3200002,8.447617109e-06,0.014225759591293
114,94,1310020808,13100208,1310,3200001.00,0001.00,1310020808,100,72,65,0.00734787469445,2.799625946e-06,3200001,2.799627397e-06,0.007347876877172
115,95,1310017403,13100174,1310,3200011.00,0011.00,1310017403,145,59,59,0.0186444391797,1.6127268785e-05,3200011,1.6127277144e-05,0.018644444543328
116,96,1310020901,13100209,1310,3200002.00,0002.00,1310020901,45,28,26,0.00486451821771,1.413494358e-06,3200002,1.41349509e-06,0.004864519571798
117,97,1310025310,13100253,1310,3200008.00,0008.00,1310025310,52,28,28,0.00637041847692,2.08326069e-06,3200008,2.082997936e-06,0.006370402717019
118,98,1310022601,13100226,1310,3200007.00,0007.00,1310022601,33,18,15,0.00790247693393,2.852922025e-06,3200007,2.852923504e-06,0.007902479316166
119,99,1310030115,13100301,1310,3200013.00,0013.00,1310030115,103,36,36,0.00988267482415,4.344003872e-06,3200013,4.344006124e-06,0.009882677271408
120,100,1310030113,13100301,1310,3200013.00,0013.00,1310030113,101,51,48,0.0593901918718,0.00014103085426,3200013,0.000141030927345,0.059390210091881
121,101,1310020404,13100204,1310,3200003.00,0003.00,1310020404,77,41,36,0.00717283764493,2.74035641e-06,3200003,2.740357831e-06,0.007172839770551
122,102,1310022903,13100229,1310,3200007.00,0007.00,1310022903,30,12,11,0.00593202006557,1.892915703e-06,3200007,1.892916684e-06,0.005932021844664
123,103,1310022102,13100221,1310,3200004.00,0004.00,1310022102,56,25,24,0.0090654218065,4.241219321e-06,3200004,4.241221519e-06,0.009065424512532
124,104,1310030406,13100304,1310,3200009.00,0009.00,1310030406,0,1,1,0.00378627526851,6.26963907e-07,3200009,6.26964232e-07,0.003786276425439
125,105,1310018204,13100182,1310,3200017.00,0017.00,1310018204,188,66,66,0.0217109882469,1.3944615825e-05,3200017,1.3944623053e-05,0.021710993645066
126,106,1310022602,13100226,1310,3200007.00,0007.00,1310022602,136,65,62,0.012590482703,7.243041975e-06,3200007,7.24304573e-06,0.01259048647158
127,107,1310023503,13100235,1310,3200006.00,0006.00,1310023503,0,0,0,0.0148486423767,1.1273564282e-05,3200006,1.1273570126e-05,0.014848645764705
128,108,1310024811,13100248,1310,3200008.00,0008.00,1310024811,550,293,283,0.0536608338892,6.5815026089e-05,3200008,6.581506457e-05,0.053660839311001
129,109,1310024703,13100247,1310,3200008.00,0008.00,1310024703,16,8,8,0.00493722454818,1.424932327e-06,3200008,1.424933065e-06,0.004937225822568
130,110,1310018805,13100188,1310,3200012.00,0012.00,1310018805,51,20,20,0.00665594211769,2.223608455e-06,3200012,2.223609607e-06,0.006655943851575
131,111,1310018004,13100180,1310,3200011.00,0011.00,1310018004,79,67,66,0.0342779784224,4.5646573341e-05,3200011,4.5645129129e-05,0.034277878744692
132,112,1310030114,13100301,1310,3200013.00,0013.00,1310030114,53,22,20,0.00715315991638,3.042101524e-06,3200013,3.042103101e-06,0.007153161645518
133,113,1310031904,13100319,1310,3200010.00,0010.00,1310031904,36,17,15,0.011825063904,6.689307957e-06,3200010,6.689311424e-06,0.011825066988846
134,114,1310018405,13100184,1310,3200012.00,0012.00,1310018405,64,25,24,0.00928907785951,4.77438589e-06,3200012,4.774388365e-06,0.009289080562412
135,115,1310030127,13100301,1310,3200013.00,0013.00,1310030127,60,22,22,0.00655822467771,1.539071496e-06,3200013,1.539072294e-06,0.006558226745145
136,116,1310018901,13100189,1310,3200012.00,0012.00,1310018901,26,14,14,0.00807311749515,2.578138092e-06,3200012,2.578139429e-06,0.008073119983141
137,117,1310024901,13100249,1310,3200008.00,0008.00,1310024901,545,304,265,0.0586728614432,7.5033698949e-05,3200008,7.503373116e-05,0.058672887537438
138,118,1310019102,13100191,1310,3200013.00,0013.00,1310019102,509,270,255,0.0195878448657,1.7787298708e-05,3200013,1.7787307926e-05,0.019587850362441
139,119,1310019903,13100199,1310,3200009.00,0009.00,1310019903,79,36,35,0.0084857084286,2.964872794e-06,3200009,2.964874331e-06,0.008485710687271
140,120,1310024803,13100248,1310,3200008.00,0008.00,1310024803,26,14,14,0.00628158210773,9.85191051e-07,3200008,9.85191562e-07,0.006281584175481
141,121,1310023702,13100237,1310,3200006.00,0006.00,1310023702,453,169,162,0.0252325873274,2.1708222716e-05,3200006,2.1708233971e-05,0.025232594014143
142,122,1310023901,13100239,1310,3200006.00,0006.00,1310023901,56,24,24,0.00480825367106,1.310027148e-06,3200006,1.310027827e-06,0.004808255026191
143,123,1310020807,13100208,1310,3200001.00,0001.00,1310020807,15,2,1,0.00473214192776,1.31971527e-06,3200001,1.319715954e-06,0.004732143255134
144,124,1310020905,13100209,1310,3200002.00,0002.00,1310020905,54,30,25,0.00674242049272,2.201060826e-06,3200002,2.201061967e-06,0.006742422529488
145,125,1310020104,13100201,1310,3200003.00,0003.00,1310020104,79,35,35,0.00979743437045,4.367785015e-06,3200003,4.367787279e-06,0.009797437244089
146,126,1310023601,13100236,1310,3200006.00,0006.00,1310023601,0,0,0,0.0408426738041,7.8502685413e-05,3200006,7.8502726106e-05,0.040842685388201
147,127,1310022204,13100222,1310,3200004.00,0004.00,1310022204,57,30,26,0.00750288795848,3.254021673e-06,3200004,3.25402336e-06,0.007502889966343
148,128,1310021403,13100214,1310,3200005.00,0005.00,1310021403,134,82,61,0.011070380001,4.73772641e-06,3200005,4.737728866e-06,0.011070382758733
149,129,1310020201,13100202,1310,3200003.00,0003.00,1310020201,282,133,133,0.023022893892,1.6016446858e-05,3200003,1.6016455159e-05,0.023022900902709
150,130,1310019501,13100195,1310,3200013.00,0013.00,1310019501,812,518,513,0.03680625197,5.3527650795e-05,3200013,5.3527678535e-05,0.036806262390178
151,131,1310018303,13100183,1310,3200012.00,0012.00,1310018303,34,14,13,0.0321604416747,3.1242522526e-05,3200012,3.1241256544e-05,0.032160416296601
152,132,1310020501,13100205,1310,3200003.00,0003.00,1310020501,79,49,42,0.00758724057354,2.911773463e-06,3200003,2.911774972e-06,0.007587242845056
153,133,1310022804,13100228,1310,3200007.00,0007.00,1310022804,220,93,88,0.0233861488676,1.2661662229e-05,3200007,1.2661668793e-05,0.023386154968127
154,134,1310018906,13100189,1310,3200012.00,0012.00,1310018906,24,14,14,0.00602809112673,1.985344768e-06,3200012,1.985345797e-06,0.006028092480813
155,135,1310020906,13100209,1310,3200002.00,0002.00,1310020906,30,31,22,0.00743864002636,2.937743121e-06,3200002,2.937744643e-06,0.007438642234257
156,136,1310024202,13100242,1310,3200015.00,0015.00,1310024202,40,22,19,0.00618972315159,1.793873378e-06,3200015,1.793874308e-06,0.006189724886356
157,137,1310023007,13100230,1310,3200007.00,0007.00,1310023007,0,0,0,0.0538313233729,9.7372576511e-05,3200007,9.7372626996e-05,0.053831334514754
158,138,1310022504,13100225,1310,3200007.00,0007.00,1310022504,26,13,13,0.00640445528122,2.016075704e-06,3200007,2.016076749e-06,0.006404457182684
159,139,1310020816,13100208,1310,3200001.00,0001.00,1310020816,0,0,0,0.00280839819534,2.57636044e-07,3200001,2.57636178e-07,0.002808398942233
160,140,1310019904,13100199,1310,3200009.00,0009.00,1310019904,30,13,13,0.00548687771956,1.730440272e-06,3200009,1.730441169e-06,0.005486879005679
161,141,1310025204,13100252,1310,3200008.00,0008.00,1310025204,200,78,73,0.0276546633713,1.8476249124e-05,3200008,1.8476258699e-05,0.027654671086561
162,142,1310024804,13100248,1310,3200008.00,0008.00,1310024804,10,6,6,0.00416048601611,4.91480149e-07,3200008,4.91480404e-07,0.004160487372922
163,143,1310021703,13100217,1310,3200004.00,0004.00,1310021703,193,91,87,0.0206905362817,1.3032696895e-05,3200004,1.303270365e-05,0.020690542438891
164,144,1310024806,13100248,1310,3200008.00,0008.00,1310024806,5,2,2,0.00341125556441,5.86275646e-07,3200008,5.86275949e-07,0.003411256495473
165,145,1310025401,13100254,1310,3200008.00,0008.00,1310025401,50,18,18,0.00715776928452,2.400947606e-06,3200008,2.40094885e-06,0.007157771437814
166,146,1310023802,13100238,1310,3200006.00,0006.00,1310023802,103,39,39,0.00791076342884,3.725501608e-06,3200006,3.725503539e-06,0.007910765690294
167,147,1310023003,13100230,1310,3200007.00,0007.00,1310023003,317,153,123,0.0365805365624,2.5146291945e-05,3200007,2.514630498e-05,0.036580547326422
168,148,1310017108,13100171,1310,3200014.00,0014.00,1310017108,23,9,9,0.00534062828877,1.251177184e-06,3200014,1.251177833e-06,0.005340629958774
169,149,1310020810,13100208,1310,3200001.00,0001.00,1310020810,0,1,1,0.00729282658171,2.851590315e-06,3200001,2.851591793e-06,0.007292828734316
170,150,1310032710,13100327,1310,3200023.00,0023.00, ,0,0,0,0.00417703248244,1.010372452e-06,3200023,1.010372976e-06,0.004177033625268
171,151,1310032802,13100328,1310,3200023.00,0023.00, ,0,0,0,0.0220066615701,2.4346571176e-05,3200023,2.4346583793e-05,0.022006666840093
172,152,1310024715,13100247,1310,3200008.00,0008.00,1310024715,0,0,0,0.00942980454073,3.029751743e-06,3200008,3.029753313e-06,0.009429807451614
173,153,1310021301,13100213,1310,3200002.00,0002.00,1310021301,475,294,256,0.027765424261,2.3632905675e-05,3200002,2.3632917925e-05,0.027765431958375
174,154,1310023010,13100230,1310,3200007.00,0007.00,1310023010,0,0,0,0.0975201153334,0.00022137044578,3200007,0.00022137056054,0.097520144364031
175,155,1310021702,13100217,1310,3200004.00,0004.00,1310021702,130,64,59,0.0182348032619,1.0947005893e-05,3200004,1.0947011567e-05,0.018234808419174
176,156,1310021105,13100211,1310,3200002.00,0002.00,1310021105,74,40,36,0.00733900733807,2.832991017e-06,3200002,2.832992485e-06,0.007339009518629
177,157,1310022403,13100224,1310,3200005.00,0005.00,1310022403,41,21,17,0.0198851490715,9.248334283e-06,3200005,9.248339077e-06,0.019885154047745
178,158,1310030108,13100301,1310,3200013.00,0013.00,1310030108,66,28,27,0.00807755270591,3.328416747e-06,3200013,3.328418472e-06,0.008077554788965
179,159,1310017101,13100171,1310,3200014.00,0014.00,1310017101,100,42,39,0.00821466821358,3.792621083e-06,3200014,3.792623049e-06,0.008214670566985
180,160,1310030122,13100301,1310,3200013.00,0013.00,1310030122,31,18,17,0.00388441161173,8.04097366e-07,3200013,8.04097782e-07,0.003884412764516
181,161,1310030308,13100303,1310,3200009.00,0009.00,1310030308,567,214,212,0.104075173404,0.000312102739577,3200009,0.00031210290131,0.104075202521684
182,162,1310020603,13100206,1310,3200003.00,0003.00,1310020603,103,52,48,0.00711478837786,2.692453377e-06,3200003,2.692454773e-06,0.007114790479034
183,163,1310023207,13100232,1310,3200006.00,0006.00,1310023207,147,56,54,0.00970901167319,5.049605068e-06,3200006,5.049607685e-06,0.009709014462642
184,164,1310030119,13100301,1310,3200013.00,0013.00,1310030119,142,49,49,0.0883778544359,0.000228857018307,3200013,0.000228858419091,0.088377844458366
185,165,1310019005,13100190,1310,3200010.00,0010.00,1310019005,31,16,15,0.0157315924944,7.217742884e-06,3200010,7.217746624e-06,0.015731597431319
186,166,1310019804,13100198,1310,3200009.00,0009.00,1310019804,53,21,21,0.0067427690269,2.681882801e-06,3200009,2.681884191e-06,0.006742770635689
187,167,1310024106,13100241,1310,3200015.00,0015.00,1310024106,51,24,24,0.0388529860281,5.4715425694e-05,3200015,5.4715454058e-05,0.038852996975761
188,168,1310021608,13100216,1310,3200004.00,0004.00,1310021608,36,28,16,0.00655116561927,2.731959645e-06,3200004,2.731961061e-06,0.006551167334138
189,169,1310024717,13100247,1310,3200008.00,0008.00,1310024717,0,1,0,0.0861635989825,0.00012207075887,3200008,0.00012207082214,0.086163625095651
190,170,1310023603,13100236,1310,3200006.00,0006.00,1310023603,295,110,107,0.021049990444,2.0990381259e-05,3200006,2.0990392141e-05,0.021049995690635
191,171,1310021801,13100218,1310,3200004.00,0004.00,1310021801,104,83,66,0.00979402098672,3.735564708e-06,3200004,3.735566644e-06,0.009794023955032
192,172,1310021108,13100211,1310,3200002.00,0002.00,1310021108,35,20,19,0.00612521945594,1.778177991e-06,3200002,1.778178913e-06,0.006125221270573
193,173,1310018404,13100184,1310,3200012.00,0012.00,1310018404,138,65,64,0.0117266557676,4.711908861e-06,3200012,4.711911303e-06,0.011726658945677
194,174,1310020307,13100203,1310,3200003.00,0003.00,1310020307,145,102,76,0.0121407487637,5.732339219e-06,3200003,5.73234219e-06,0.012140752506659
195,175,1310020304,13100203,1310,3200003.00,0003.00,1310020304,24,18,14,0.00762151034988,3.088662432e-06,3200003,3.088664033e-06,0.007621512608464
196,176,1310021507,13100215,1310,3200005.00,0005.00,1310021507,43,21,16,0.0065714770626,2.412446428e-06,3200005,2.412447678e-06,0.006571478839745
197,177,1310017102,13100171,1310,3200014.00,0014.00,1310017102,68,32,31,0.00515994957085,1.613728704e-06,3200014,1.61372954e-06,0.00515995086451
198,178,1310022503,13100225,1310,3200007.00,0007.00,1310022503,54,20,20,0.00712875229626,2.804671026e-06,3200007,2.80467248e-06,0.007128754377629
199,179,1310020821,13100208,1310,3200001.00,0001.00,1310020821,22,18,15,0.007176549637,1.553813101e-06,3200001,1.553813906e-06,0.007176551940019
200,180,1310019603,13100196,1310,3200013.00,0013.00,1310019603,236,92,91,0.0511131449809,2.7248761774e-05,3200013,2.7248786585e-05,0.051113164511538
201,181,1310030304,13100303,1310,3200009.00,0009.00,1310030304,0,0,0,0.00320794788291,3.87437356e-07,3200009,3.87437557e-07,0.003207948870873
202,182,1310019702,13100197,1310,3200009.00,0009.00,1310019702,348,166,160,0.0867530728195,0.00014168416757,3200009,0.000141684240997,0.086753098589476
203,183,1310025408,13100254,1310,3200008.00,0008.00,1310025408,34,16,16,0.00687946020122,2.152674282e-06,3200008,2.152675398e-06,0.006879462338713
204,184,1310020804,13100208,1310,3200001.00,0001.00,1310020804,24,24,19,0.00724949105442,2.789742037e-06,3200001,2.789743483e-06,0.007249493207194
205,185,1310021003,13100210,1310,3200002.00,0002.00,1310021003,52,29,27,0.00732810575,2.813227173e-06,3200002,2.813228631e-06,0.007328107931476
206,186,1310021802,13100218,1310,3200004.00,0004.00,1310021802,201,76,73,0.0195482274091,1.091373803e-05,3200004,1.0913743687e-05,0.019548232979079
207,187,1310024103,13100241,1310,3200015.00,0015.00,1310024103,49,25,24,0.00889361719109,4.598884593e-06,3200015,4.598886978e-06,0.008893619592897
208,188,1310024902,13100249,1310,3200008.00,0008.00,1310024902,0,1,1,0.00419287817053,1.043533751e-06,3200008,1.043534292e-06,0.004192879354761
209,189,1310022301,13100223,1310,3200004.00,0004.00,1310022301,712,457,378,0.0217510705585,2.1153007865e-05,3200004,2.1153185743e-05,0.021750848780341
210,190,1310019905,13100199,1310,3200009.00,0009.00,1310019905,57,28,28,0.00830859946895,3.057006566e-06,3200009,3.057008151e-06,0.008308601555012
211,191,1310024302,13100243,1310,3200002.00,0002.00,1310024302,131,66,60,0.0111139218376,6.304657064e-06,3200002,6.304660332e-06,0.01111392513739
212,192,1310019301,13100193,1310,3200012.00,0012.00,1310019301,247,73,73,0.0199684692095,1.0446532228e-05,3200012,1.0446718863e-05,0.019968435461619
213,193,1310021605,13100216,1310,3200004.00,0004.00,1310021605,72,34,31,0.00848536231962,3.326638733e-06,3200004,3.326640458e-06,0.00848536454371
214,194,1310021511,13100215,1310,3200005.00,0005.00,1310021511,102,46,38,0.00998749931507,5.618928401e-06,3200005,5.618931314e-06,0.009987502236948
215,195,1310030303,13100303,1310,3200009.00,0009.00,1310030303,26,12,11,0.00465584487918,1.231359901e-06,3200009,1.231360539e-06,0.004655845972576
216,196,1310024102,13100241,1310,3200015.00,0015.00,1310024102,48,23,21,0.0122996467612,6.401006311e-06,3200015,6.401009629e-06,0.01229965029436
217,197,1310024903,13100249,1310,3200008.00,0008.00,1310024903,118,47,46,0.0204163911438,1.0005873567e-05,3200008,1.0005878753e-05,0.020416397649138
218,198,1310023701,13100237,1310,3200006.00,0006.00,1310023701,63,21,21,0.00723414475063,2.629245302e-06,3200006,2.629246665e-06,0.007234146725619
219,199,1310018304,13100183,1310,3200012.00,0012.00,1310018304,380,146,137,0.0611638358054,3.5315624185e-05,3200012,3.5314910781e-05,0.06116357719055
220,200,1310019602,13100196,1310,3200013.00,0013.00,1310019602,72,25,24,0.010455120356,5.065197431e-06,3200013,5.065200056e-06,0.010455123307436
221,201,1310024303,13100243,1310,3200002.00,0002.00,1310024303,28,13,13,0.00678779415514,2.683918272e-06,3200002,2.683919663e-06,0.006787796069014
222,202,1310021512,13100215,1310,3200005.00,0005.00,1310021512,0,0,0,0.0111549082306,5.73970144e-06,3200005,5.739704415e-06,0.011154911222891
223,203,1310032005,13100320,1310,3200010.00,0010.00,1310032005,20,15,10,0.00456961663682,1.240408965e-06,3200010,1.240409608e-06,0.004569617914611
224,204,1310018701,13100187,1310,3200012.00,0012.00,1310018701,23,12,12,0.00468399707697,1.247597021e-06,3200012,1.247597668e-06,0.004683998389353
225,205,1310019503,13100195,1310,3200013.00,0013.00,1310019503,24,10,10,0.00496267750861,1.351542792e-06,3200013,1.351543493e-06,0.004962678914528
226,206,1310020805,13100208,1310,3200001.00,0001.00,1310020805,39,40,24,0.0074135635865,2.943721894e-06,3200001,2.94372342e-06,0.007413565785052
227,207,1310020004,13100200,1310,3200009.00,0009.00,1310020004,127,60,57,0.0843052327675,0.000203500755216,3200009,0.000203500860687,0.084305256101762
228,208,1310023205,13100232,1310,3200006.00,0006.00,1310023205,127,53,51,0.0128143298226,6.380760817e-06,3200006,6.380764125e-06,0.012814333461731
229,209,1310024306,13100243,1310,3200002.00,0002.00,1310024306,64,30,29,0.0144592111264,9.874967801e-06,3200002,9.87497292e-06,0.014459215244915
230,210,1310030103,13100301,1310,3200013.00,0013.00,1310030103,0,0,0,0.00652542051834,2.03144787e-06,3200013,2.031448923e-06,0.006525421999431
231,211,1310020402,13100204,1310,3200003.00,0003.00,1310020402,85,41,41,0.00720494680705,2.786853388e-06,3200003,2.786854832e-06,0.007204948936124
232,212,1310016801,13100168,1310,3200014.00,0014.00,1310016801,413,182,170,0.161531084062,0.000594407565732,3200014,0.000594407873846,0.161531127910279
233,213,1310030501,13100305,1310,3200009.00,0009.00,1310030501,85,31,31,0.00872148280437,3.624904374e-06,3200009,3.624906253e-06,0.008721484796398
234,214,1310020403,13100204,1310,3200003.00,0003.00,1310020403,113,52,47,0.0076320858815,3.058264407e-06,3200003,3.058265992e-06,0.007632088147599
235,215,1310023502,13100235,1310,3200006.00,0006.00,1310023502,994,356,346,0.125345557312,0.00060626748895,3200006,0.000606269104932,0.125344492412052
236,216,1310022203,13100222,1310,3200004.00,0004.00,1310022203,65,33,31,0.0118124842943,5.530602697e-06,3200004,5.530605563e-06,0.011812487825954
237,217,1310020205,13100202,1310,3200003.00,0003.00,1310020205,199,113,112,0.0173267865939,1.0501708924e-05,3200003,1.0501714367e-05,0.017326792003918
238,218,1310025409,13100254,1310,3200008.00,0008.00,1310025409,803,254,254,0.217794195336,0.000393269196047,3200008,0.000393269277257,0.217794232706033
239,219,1310024307,13100243,1310,3200002.00,0002.00,1310024307,86,42,41,0.0450791674339,9.7271607196e-05,3200002,9.7271657617e-05,0.045079177849092
240,220,1310030306,13100303,1310,3200009.00,0009.00,1310030306,44,17,17,0.00633956049213,2.065130208e-06,3200009,2.065131278e-06,0.006339562151194
241,221,1310021202,13100212,1310,3200002.00,0002.00,1310021202,157,85,73,0.00775363526556,3.333048958e-06,3200002,3.333050685e-06,0.007753637544345
242,222,1310018705,13100187,1310,3200012.00,0012.00,1310018705,16,5,5,0.00605442546855,2.26599879e-06,3200012,2.265999965e-06,0.006054427180091
243,223,1310018202,13100182,1310,3200017.00,0017.00,1310018202,247,74,73,0.013405788711,6.870938156e-06,3200017,6.870941718e-06,0.013405792093869
244,224,1310021607,13100216,1310,3200004.00,0004.00,1310021607,115,54,43,0.0124311338624,7.452034199e-06,3200004,7.452038061e-06,0.012431136947275
245,225,1310024716,13100247,1310,3200008.00,0008.00,1310024716,0,0,0,0.0144964847477,7.143248268e-06,3200008,7.14325197e-06,0.014496489335516
246,226,1310021506,13100215,1310,3200005.00,0005.00,1310021506,38,20,14,0.0141851034297,9.806794261e-06,3200005,9.806799344e-06,0.014185107147338
247,227,1310025205,13100252,1310,3200008.00,0008.00,1310025205,64,24,23,0.00824173609007,3.567414124e-06,3200008,3.567415973e-06,0.008241738382603
248,228,1310023804,13100238,1310,3200006.00,0006.00,1310023804,68,21,21,0.00542506775002,1.509945032e-06,3200006,1.509945815e-06,0.005425069400347
249,229,1310021803,13100218,1310,3200004.00,0004.00,1310021803,60,29,29,0.00938946124225,3.777448578e-06,3200004,3.777450536e-06,0.009389463913795
250,230,1310021002,13100210,1310,3200002.00,0002.00,1310021002,85,47,40,0.00743472185097,2.927673534e-06,3200002,2.927675052e-06,0.007434724058223
251,231,1310021513,13100215,1310,3200005.00,0005.00,1310021513,0,0,0,0.0117140175303,7.695563334e-06,3200005,7.695567323e-06,0.011714020720292
252,232,1310022604,13100226,1310,3200007.00,0007.00,1310022604,135,68,62,0.0139284965922,5.868364434e-06,3200007,5.868367476e-06,0.01392850009094
253,233,1310021101,13100211,1310,3200002.00,0002.00,1310021101,72,41,38,0.00793033288167,3.242141238e-06,3200002,3.242142918e-06,0.007930335247691
254,234,1310020204,13100202,1310,3200003.00,0003.00,1310020204,36,18,18,0.00966171678316,3.666166432e-06,3200003,3.666168332e-06,0.009661719489127
255,235,1310020705,13100207,1310,3200003.00,0003.00,1310020705,60,44,36,0.00736428263412,2.887608221e-06,3200003,2.887609718e-06,0.007364284816315
256,236,1310018803,13100188,1310,3200012.00,0012.00,1310018803,65,32,32,0.00860022389752,3.364705171e-06,3200012,3.364706915e-06,0.008600226127689
257,237,1310018002,13100180,1310,3200011.00,0011.00,1310018002,0,0,0,0.00273399106357,3.59884861e-07,3200011,3.59885048e-07,0.002733991888634
258,238,1310030120,13100301,1310,3200013.00,0013.00,1310030120,84,30,29,0.020661847922,1.5177223294e-05,3200013,1.517723116e-05,0.020661853990996
259,239,1310024904,13100249,1310,3200008.00,0008.00,1310024904,59,19,19,0.0123272412484,5.856833097e-06,3200008,5.856836133e-06,0.012327244965758
260,240,1310023208,13100232,1310,3200006.00,0006.00,1310023208,129,42,41,0.016071400935,1.2799722648e-05,3200006,1.2799741523e-05,0.016070806441956
261,241,1310030405,13100304,1310,3200009.00,0009.00,1310030405,15,8,8,0.0057041095114,1.465808504e-06,3200009,1.465809264e-06,0.005704111177052
262,242,1310020814,13100208,1310,3200001.00,0001.00,1310020814,10,9,8,0.00731023116641,2.85009335e-06,3200001,2.850094828e-06,0.007310233327461
263,243,1310017302,13100173,1310,3200011.00,0011.00,1310017302,106,39,39,0.0123313211704,5.078363252e-06,3200011,5.078365884e-06,0.012331324832629
264,244,1310017110,13100171,1310,3200014.00,0014.00,1310017110,260,110,102,0.0832315206819,0.00017101719208,3200014,0.000171017265039,0.08323151381038
265,245,1310020703,13100207,1310,3200003.00,0003.00,1310020703,74,53,50,0.00731470940525,2.877805296e-06,3200003,2.877806788e-06,0.007314711563924
266,246,1310018703,13100187,1310,3200012.00,0012.00,1310018703,205,76,72,0.0199014980892,1.2405721036e-05,3200012,1.2405727466e-05,0.019901503827631
267,247,1310019303,13100193,1310,3200012.00,0012.00,1310019303,209,90,89,0.0178968674358,9.651782338e-06,3200012,9.653257557e-06,0.017896520939356
268,248,1310023008,13100230,1310,3200007.00,0007.00,1310023008,0,0,0,0.0337643504227,6.3349515365e-05,3200007,6.3350261027e-05,0.033763313478426
269,249,1310021201,13100212,1310,3200002.00,0002.00,1310021201,102,69,60,0.00680503991591,2.257308204e-06,3200002,2.257309374e-06,0.006805041971298
270,250,1310022901,13100229,1310,3200007.00,0007.00,1310022901,162,85,74,0.0108209504103,5.623186668e-06,3200007,5.623189582e-06,0.010820953468036
271,251,1310030118,13100301,1310,3200013.00,0013.00,1310030118,0,0,0,0.00517095142189,1.345173609e-06,3200013,1.345306739e-06,0.005170951809919
272,252,1310017601,13100176,1310,3200011.00,0011.00,1310017601,88,46,44,0.00771436429658,2.634036674e-06,3200011,2.63403804e-06,0.007714366384929
273,253,1310030116,13100301,1310,3200013.00,0013.00,1310030116,148,48,48,0.0107992709917,5.878149594e-06,3200013,5.878152641e-06,0.010799273731163
274,254,1310021502,13100215,1310,3200005.00,0005.00,1310021502,0,0,0,0.0160532207444,7.954969659e-06,3200005,7.954973782e-06,0.016053225014766
275,255,1310022202,13100222,1310,3200004.00,0004.00,1310022202,57,26,24,0.0083024090776,2.881510934e-06,3200004,2.881512428e-06,0.008302411644725
276,256,1310030117,13100301,1310,3200013.00,0013.00,1310030117,0,0,0,0.00444611954251,1.053008386e-06,3200013,1.052876499e-06,0.0044461197752
277,257,1310024201,13100242,1310,3200015.00,0015.00,1310024201,57,27,25,0.0128422670045,6.831000818e-06,3200015,6.831004359e-06,0.0128422708184
278,258,1310021902,13100219,1310,3200004.00,0004.00,1310021902,10,6,4,0.0451206574946,3.0598079371e-05,3200004,3.0598095231e-05,0.045120671996113
279,259,1310021103,13100211,1310,3200002.00,0002.00,1310021103,103,45,43,0.00734381619503,2.881740622e-06,3200002,2.881742115e-06,0.00734381836875
280,260,1310023302,13100233,1310,3200006.00,0006.00,1310023302,231,117,101,0.0167368851006,1.5476283148e-05,3200006,1.5476428104e-05,0.016736137657199
281,261,1310023903,13100239,1310,3200006.00,0006.00,1310023903,42,22,22,0.00968545061284,4.054992656e-06,3200006,4.054994758e-06,0.009685453066175
282,262,1310023102,13100231,1310,3200006.00,0006.00,1310023102,867,325,310,0.0902936836278,0.000100400112377,3200006,0.000100399562054,0.090292577996327
283,263,1310024711,13100247,1310,3200008.00,0008.00,1310024711,592,360,340,0.133771660802,0.00106905436964,3200008,0.001069054923747,0.133771698166023
284,264,1310025104,13100251,1310,3200008.00,0008.00,1310025104,36,20,18,0.0085292124619,2.6545444e-06,3200008,2.654545775e-06,0.008529215077729
285,265,1310020806,13100208,1310,3200001.00,0001.00,1310020806,0,0,0,0.00741171535818,2.962154446e-06,3200001,2.962155981e-06,0.007411717534869
286,266,1310023013,13100230,1310,3200007.00,0007.00,1310023013,0,0,0,0.00549180836638,1.915423977e-06,3200007,1.91542497e-06,0.005491809848139
287,267,1310019906,13100199,1310,3200009.00,0009.00,1310019906,36,18,16,0.00623800953632,1.921137369e-06,3200009,1.921138365e-06,0.006238011004223
288,268,1310024402,13100244,1310,3200015.00,0015.00,1310024402,25,11,11,0.00447519918166,1.191605202e-06,3200015,1.19160582e-06,0.004475200436339
289,269,1310030106,13100301,1310,3200013.00,0013.00,1310030106,0,0,0,0.0134925634504,2.537196663e-06,3200013,2.537197978e-06,0.013492567820332
290,270,1310025202,13100252,1310,3200008.00,0008.00,1310025202,159,63,63,0.0355482137139,4.8804699894e-05,3200008,4.8804725186e-05,0.035548224848837
291,271,1310025106,13100251,1310,3200008.00,0008.00,1310025106,348,141,135,0.212210715839,0.000224513132822,3200008,0.000224513249164,0.212210787834521
292,272,1310022406,13100224,1310,3200005.00,0005.00,1310022406,0,0,0,0.0148276630362,8.108620341e-06,3200005,8.108624544e-06,0.014827667679326
293,273,1310019801,13100198,1310,3200009.00,0009.00,1310019801,143,59,59,0.0131587351389,8.130780499e-06,3200009,8.130784712e-06,0.013158738872559
294,274,1310031802,13100318,1310,3200010.00,0010.00,1310031802,47,30,26,0.0115646524945,8.44224771e-06,3200010,8.442252086e-06,0.011564655733007
295,275,1310024107,13100241,1310,3200015.00,0015.00,1310024107,27,16,13,0.00770523236938,3.348976501e-06,3200015,3.348978237e-06,0.007705234585259
296,276,1310018904,13100189,1310,3200012.00,0012.00,1310018904,54,19,18,0.00649385885151,2.066003157e-06,3200012,2.066004227e-06,0.006493860747707
297,277,1310017402,13100174,1310,3200011.00,0011.00,1310017402,46,18,17,0.00605089029963,1.701485231e-06,3200011,1.701486113e-06,0.006050892110387
298,278,1310024503,13100245,1310,3200015.00,0015.00,1310024503,48,27,25,0.00612288298849,2.436560611e-06,3200015,2.436561874e-06,0.006122884547982
299,279,1310022803,13100228,1310,3200007.00,0007.00,1310022803,65,36,32,0.0107032722769,6.9767148e-06,3200007,6.976718417e-06,0.01070327500326
300,280,1310020601,13100206,1310,3200003.00,0003.00,1310020601,109,96,72,0.00740491097944,2.927205593e-06,3200003,2.92720711e-06,0.007404913171392
301,281,1310023009,13100230,1310,3200007.00,0007.00,1310023009,0,0,0,0.0450198331775,3.4934798981e-05,3200007,3.493844442e-05,0.045019211044381
302,282,1310030403,13100304,1310,3200009.00,0009.00,1310030403,10,4,4,0.010864562127,1.742844114e-06,3200009,1.742845017e-06,0.01086456575312
303,283,1310018401,13100184,1310,3200012.00,0012.00,1310018401,69,23,23,0.00954593185171,4.373371893e-06,3200012,4.373374159e-06,0.009545934671218
304,284,1310017502,13100175,1310,3200011.00,0011.00,1310017502,44,24,22,0.00838287003747,3.075467444e-06,3200011,3.075469039e-06,0.008382872336907
305,285,1310019007,13100190,1310,3200010.00,0010.00,1310019007,86,31,31,0.0167454855334,7.887268126e-06,3200010,7.887272214e-06,0.016745490158748
306,286,1310017304,13100173,1310,3200011.00,0011.00,1310017304,92,41,41,0.013622798679,8.61014972e-06,3200011,8.610154183e-06,0.013622802578514
307,287,1310020504,13100205,1310,3200003.00,0003.00,1310020504,138,79,71,0.00726517136477,2.859033693e-06,3200003,2.859035175e-06,0.007265173503072
308,288,1310018005,13100180,1310,3200011.00,0011.00,1310018005,192,94,93,0.0274629310318,2.633072628e-05,3200011,2.6332908754e-05,0.027462443178098
309,289,1310018804,13100188,1310,3200012.00,0012.00,1310018804,85,34,34,0.0119059668629,5.208695807e-06,3200012,5.208698506e-06,0.011905970103179
310,290,1310020801,13100208,1310,3200001.00,0001.00,1310020801,0,0,0,0.0408124329671,6.0906802598e-05,3200001,6.0906834167e-05,0.040812444806115
311,291,1310018907,13100189,1310,3200012.00,0012.00,1310018907,114,55,54,0.0140646370771,6.840827376e-06,3200012,6.840830922e-06,0.014064640709956
312,292,1310021604,13100216,1310,3200004.00,0004.00,1310021604,53,34,31,0.00875856537141,3.033580601e-06,3200004,3.033582173e-06,0.008758567630871
313,293,1310019701,13100197,1310,3200009.00,0009.00,1310019701,197,71,71,0.0179048604202,1.0475127498e-05,3200009,1.0475132927e-05,0.017904865963251
314,294,1310018201,13100182,1310,3200017.00,0017.00,1310018201,116,30,30,0.0038534743752,7.48683548e-07,3200017,7.48683936e-07,0.003853475507938
315,295,1310024805,13100248,1310,3200008.00,0008.00,1310024805,28,16,16,0.00472528333504,1.009199613e-06,3200008,1.009200136e-06,0.004725284774998
316,296,1310019302,13100193,1310,3200012.00,0012.00,1310019302,75,27,27,0.00962422240538,4.868478675e-06,3200012,4.867397928e-06,0.009624178226436
317,297,1310022603,13100226,1310,3200007.00,0007.00,1310022603,108,52,47,0.0090098368956,5.255605363e-06,3200007,5.255608087e-06,0.009009839093438
318,298,1310017303,13100173,1310,3200011.00,0011.00,1310017303,108,43,42,0.00863437070685,4.836149068e-06,3200011,4.836151575e-06,0.008634372992482
319,299,1310021107,13100211,1310,3200002.00,0002.00,1310021107,90,44,40,0.00656909577003,1.939096583e-06,3200002,1.939097588e-06,0.006569097774971
320,300,1310032709,13100327,1310,3200023.00,0023.00, ,0,0,0,0.00362035842078,5.82414843e-07,3200023,5.82415145e-07,0.003620359322356
321,301,1310032711,13100327,1310,3200023.00,0023.00, ,0,0,0,0.00211663306648,2.44156676e-07,3200023,2.44156803e-07,0.002116633596624
322,302,1310032801,13100328,1310,3200023.00,0023.00, ,0,0,0,0.0414495433067,8.818664327e-05,3200023,8.8186688973e-05,0.041449554424499
323,303,1310018101,13100181,1310,3200011.00,0011.00,1310018101,57,25,25,0.00683563767777,2.275170442e-06,3200011,2.275171621e-06,0.006835639670421
324,304,1310024809,13100248,1310,3200008.00,0008.00,1310024809,81,42,42,0.0169209903346,1.2183771802e-05,3200008,1.2183778117e-05,0.016920995319183
325,305,1310020502,13100205,1310,3200003.00,0003.00,1310020502,116,70,58,0.00779282018166,3.181132341e-06,3200003,3.18113399e-06,0.007792822500488
326,306,1310023602,13100236,1310,3200006.00,0006.00,1310023602,245,110,102,0.187314788685,0.000254074905781,3200006,0.000254075037506,0.187314845244522
327,307,1310017608,13100176,1310,3200011.00,0011.00,1310017608,158,111,85,0.0479006877728,9.2042826224e-05,3200011,9.2042877415e-05,0.047900705885653
328,308,1310031805,13100318,1310,3200010.00,0010.00,1310031805,0,0,0,0.00481663870981,1.027107998e-06,3200010,1.027108531e-06,0.004816640164262
329,309,1310030125,13100301,1310,3200013.00,0013.00,1310030125,43,20,18,0.00610680244157,1.663797056e-06,3200013,1.663797918e-06,0.006106804297137
330,310,1310019008,13100190,1310,3200010.00,0010.00,1310019008,24,11,10,0.00490596042345,1.460852515e-06,3200010,1.460853273e-06,0.004905961744502
331,311,1310017107,13100171,1310,3200014.00,0014.00,1310017107,0,0,0,0.0292857934261,2.372903176e-05,3200014,2.3729044061e-05,0.029285801085728
332,312,1310030128,13100301,1310,3200013.00,0013.00,1310030128,1365,570,530,0.171026481145,0.000806511429661,3200013,0.000806512170645,0.171025593425732
333,313,1310024204,13100242,1310,3200015.00,0015.00,1310024204,31,15,13,0.0307371009027,4.3321267999e-05,3200015,4.3321290455e-05,0.030737108413612
334,314,1310021606,13100216,1310,3200004.00,0004.00,1310021606,94,46,38,0.0110934340328,5.173235023e-06,3200004,5.173237705e-06,0.011093436812063
335,315,1310023104,13100231,1310,3200006.00,0006.00,1310023104,0,0,0,0.012240276964,8.860501635e-06,3200006,8.860506228e-06,0.012240279941976
336,316,1310018403,13100184,1310,3200012.00,0012.00,1310018403,50,19,19,0.00642967068983,2.036386794e-06,3200012,2.036387849e-06,0.006429672378342
337,317,1310018702,13100187,1310,3200012.00,0012.00,1310018702,84,35,32,0.00902106780271,3.289534538e-06,3200012,3.289536243e-06,0.009021070449994
338,318,1310023703,13100237,1310,3200006.00,0006.00,1310023703,150,45,45,0.00978212310045,4.720515992e-06,3200006,4.720518439e-06,0.009782125692191
339,319,1310017604,13100176,1310,3200011.00,0011.00,1310017604,65,31,28,0.00807972736373,2.99496079e-06,3200011,2.994962342e-06,0.008079729818584
340,320,1310018205,13100182,1310,3200017.00,0017.00,1310018205,115,43,42,0.0325288686146,1.5631713544e-05,3200017,1.5631721647e-05,0.032528876681238
341,321,1310019605,13100196,1310,3200013.00,0013.00,1310019605,36,13,13,0.00532465339743,1.799271295e-06,3200013,1.799272228e-06,0.005324654752427
342,322,1310017401,13100174,1310,3200011.00,0011.00,1310017401,205,88,87,0.0195843393696,9.364750374e-06,3200011,9.364755229e-06,0.019584345158973
343,323,1310020701,13100207,1310,3200003.00,0003.00,1310020701,114,75,68,0.00762238962252,2.986965123e-06,3200003,2.986966671e-06,0.007622391896387
344,324,1310017501,13100175,1310,3200011.00,0011.00,1310017501,5,3,3,0.00910978163135,4.681478001e-06,3200011,4.681480428e-06,0.009109784089176
345,325,1310023801,13100238,1310,3200006.00,0006.00,1310023801,254,111,106,0.0136142279697,6.433845932e-06,3200006,6.433849267e-06,0.013614231720316
346,326,1310031901,13100319,1310,3200010.00,0010.00,1310031901,36,18,17,0.00655343211666,1.926202173e-06,3200010,1.926203171e-06,0.006553434144875
347,327,1310019202,13100192,1310,3200013.00,0013.00,1310019202,53,23,22,0.00655208546455,2.39046132e-06,3200013,2.38994516e-06,0.006551769725637
348,328,1310025307,13100253,1310,3200008.00,0008.00,1310025307,44,25,23,0.00596604041815,1.878464247e-06,3200008,1.878418852e-06,0.005966040344149
349,329,1310017301,13100173,1310,3200011.00,0011.00,1310017301,120,51,48,0.0103479731391,5.292678356e-06,3200011,5.2926811e-06,0.010347976264655
350,330,1310024305,13100243,1310,3200002.00,0002.00,1310024305,35,14,14,0.00762030057276,3.59408627e-06,3200002,3.594088133e-06,0.007620302627378
351,331,1310025003,13100250,1310,3200008.00,0008.00,1310025003,124,41,40,0.0127268558008,9.122106126e-06,3200008,9.122110854e-06,0.012726859142671
352,332,1310017504,13100175,1310,3200011.00,0011.00,1310017504,40,19,17,0.00772140328434,2.682083751e-06,3200011,2.682085141e-06,0.00772140565306
353,333,1310025308,13100253,1310,3200008.00,0008.00,1310025308,65,33,32,0.037860731086,4.4185005102e-05,3200008,4.4185397759e-05,0.037860551524873
354,334,1310030109,13100301,1310,3200013.00,0013.00,1310030109,0,0,0,0.005609598666,1.665544085e-06,3200013,1.665587306e-06,0.005609573669756
355,335,1310017109,13100171,1310,3200014.00,0014.00,1310017109,84,30,30,0.0108767802514,5.294800854e-06,3200014,5.294803599e-06,0.01087678354074
356,336,1310024504,13100245,1310,3200015.00,0015.00,1310024504,22,12,10,0.0045954542999,9.99269039e-07,3200015,9.99269557e-07,0.004595455672165
357,337,1310025410,13100254,1310,3200008.00,0008.00,1310025410,61,26,26,0.00890358683747,3.52761716e-06,3200008,3.527618988e-06,0.008903589063943
358,338,1310017508,13100175,1310,3200011.00,0011.00,1310017508,75,27,27,0.00750446714791,2.009265027e-06,3200011,2.009266069e-06,0.007504469278374
359,339,1310024801,13100248,1310,3200008.00,0008.00,1310024801,22,16,16,0.00361391763786,6.17432271e-07,3200008,6.17432591e-07,0.003613918480894
360,340,1310024501,13100245,1310,3200015.00,0015.00,1310024501,70,24,24,0.0245230925329,3.2949562715e-05,3200015,3.2949579795e-05,0.024523099210336
361,341,1310023401,13100234,1310,3200006.00,0006.00,1310023401,766,432,397,0.0395309773133,4.1591734685e-05,3200006,4.1592523373e-05,0.039530058572623
362,342,1310025605,13100256,1310,3200008.00,0008.00,1310025605,18,9,9,0.00483790608853,1.15145542e-06,3200008,1.151456017e-06,0.004837907454629
363,343,1310019604,13100196,1310,3200013.00,0013.00,1310019604,54,23,21,0.0756304572405,0.000209392041444,3200013,0.000209392149957,0.07563047969967
364,344,1310021501,13100215,1310,3200005.00,0005.00,1310021501,38,33,18,0.00595518608873,2.057530295e-06,3200005,2.057531361e-06,0.005955187788146
365,345,1310024505,13100245,1310,3200015.00,0015.00,1310024505,37,14,14,0.00565248220476,1.816663597e-06,3200015,1.816664538e-06,0.00565248377502
366,346,1310016904,13100169,1310,3200014.00,0014.00,1310016904,58,25,25,0.00829102725095,2.820158739e-06,3200014,2.820160201e-06,0.008291029677725
367,347,1310032002,13100320,1310,3200010.00,0010.00,1310032002,196,80,76,0.0149385422481,1.4167611211e-05,3200010,1.4167618554e-05,0.014938546190555
368,348,1310024706,13100247,1310,3200008.00,0008.00,1310024706,45,23,22,0.0537662766981,8.2708675971e-05,3200008,8.2708718837e-05,0.053766291062714
369,349,1310022101,13100221,1310,3200004.00,0004.00,1310022101,162,74,65,0.0183731630161,8.312693826e-06,3200004,8.312698135e-06,0.018373168703748
370,350,1310016903,13100169,1310,3200014.00,0014.00,1310016903,54,18,18,0.00477037623149,1.217345327e-06,3200014,1.217345958e-06,0.004770377608473
371,351,1310018809,13100188,1310,3200012.00,0012.00,1310018809,35,16,15,0.00545128938468,1.758972042e-06,3200012,1.758972954e-06,0.00545129072791
372,352,1310020401,13100204,1310,3200003.00,0003.00,1310020401,81,41,37,0.00720726980117,2.772497088e-06,3200003,2.772498525e-06,0.007207271936348
373,353,1310025305,13100253,1310,3200008.00,0008.00,1310025305,61,32,31,0.00666800202008,2.207221606e-06,3200008,2.207149304e-06,0.006667670137526
374,354,1310030203,13100302,1310,3200017.00,0017.00,1310030203,167,46,46,0.108058647807,0.000143588136185,3200017,0.000143588210623,0.108058673954708
375,355,1310021508,13100215,1310,3200005.00,0005.00,1310021508,36,22,16,0.00656212670558,2.406387092e-06,3200005,2.406388339e-06,0.006562128490071
376,356,1310030305,13100303,1310,3200009.00,0009.00,1310030305,44,15,15,0.00913235233775,3.622266849e-06,3200009,3.622268726e-06,0.009132354631941
377,357,1310021705,13100217,1310,3200004.00,0004.00,1310021705,41,14,14,0.00658941581432,2.345664133e-06,3200004,2.345665349e-06,0.00658941771193
378,358,1310016803,13100168,1310,3200014.00,0014.00,1310016803,21,11,8,0.00851549568748,2.827292627e-06,3200014,2.827294093e-06,0.008515498348192
379,359,1310018706,13100187,1310,3200012.00,0012.00,1310018706,42,17,17,0.00610868551292,1.962875831e-06,3200012,1.962876848e-06,0.006108687150211
380,360,1310018905,13100189,1310,3200012.00,0012.00,1310018905,43,19,19,0.00704151312824,2.673009047e-06,3200012,2.673010432e-06,0.007041515138215
381,361,1310018104,13100181,1310,3200011.00,0011.00,1310018104,377,176,153,0.0639278210114,4.672610557e-05,3200011,4.672612979e-05,0.063927838929461
382,362,1310030503,13100305,1310,3200009.00,0009.00,1310030503,49,19,19,0.00614526633141,2.148982563e-06,3200009,2.148983677e-06,0.006145267836589
383,363,1310030309,13100303,1310,3200009.00,0009.00,1310030309,132,43,42,0.0137659553061,5.196947909e-06,3200009,5.196950602e-06,0.013765959267077
384,364,1310020822,13100208,1310,3200001.00,0001.00,1310020822,86,83,78,0.0132801104649,6.595271794e-06,3200001,6.595275213e-06,0.013280114716765
385,365,1310023011,13100230,1310,3200007.00,0007.00,1310023011,0,0,0,0.0121676536244,1.875530525e-06,3200007,1.875531498e-06,0.012167657251759
386,366,1310016802,13100168,1310,3200014.00,0014.00,1310016802,45,16,16,0.0063981122504,2.486563871e-06,3200014,2.48656516e-06,0.006398113821833
387,367,1310021402,13100214,1310,3200005.00,0005.00,1310021402,61,42,26,0.0127305474652,4.471254123e-06,3200005,4.471256441e-06,0.012730550782669
388,368,1310017805,13100178,1310,3200011.00,0011.00,1310017805,0,0,0,0.0118183324485,2.700581178e-06,3200011,2.700582577e-06,0.011818335404292
389,369,1310017004,13100170,1310,3200014.00,0014.00,1310017004,20,7,7,0.0036054908223,6.2995305e-07,3200014,6.29953377e-07,0.003605491839741
390,370,1310030407,13100304,1310,3200009.00,0009.00,1310030407,76,39,39,0.0598388384396,3.9682348612e-05,3200009,3.9682369175e-05,0.059838858343469
391,371,1310024712,13100247,1310,3200008.00,0008.00,1310024712,148,77,74,0.0265603813004,3.0951064831e-05,3200008,3.0951080873e-05,0.026560387814269
392,372,1310025601,13100256,1310,3200008.00,0008.00,1310025601,61,24,24,0.0109887947795,4.125160678e-06,3200008,4.125162816e-06,0.010988798149503
393,373,1310019401,13100194,1310,3200013.00,0013.00,1310019401,391,205,188,0.0399627950544,4.1680226975e-05,3200013,4.1680248576e-05,0.039962807334137
394,374,1310023301,13100233,1310,3200006.00,0006.00,1310023301,170,60,57,0.0135793930952,8.24736173e-06,3200006,8.248331229e-06,0.013578340251157
395,375,1310018203,13100182,1310,3200017.00,0017.00,1310018203,0,0,0,0.0122752048842,3.171219667e-06,3200017,3.171221311e-06,0.012275208010322
396,376,1310018502,13100185,1310,3200012.00,0012.00,1310018502,85,29,28,0.0104026038827,5.895743139e-06,3200012,5.895746194e-06,0.010402606803125
397,377,1310021601,13100216,1310,3200004.00,0004.00,1310021601,54,25,22,0.00760727676672,2.576863672e-06,3200004,2.576865008e-06,0.007607278765701
398,378,1310025302,13100253,1310,3200008.00,0008.00,1310025302,31,18,18,0.00463369543398,1.306268459e-06,3200008,1.305841937e-06,0.004633238309562
399,379,1310020303,13100203,1310,3200003.00,0003.00,1310020303,39,17,16,0.00752636894198,2.946196302e-06,3200003,2.946197829e-06,0.00752637117992
400,380,1310022506,13100225,1310,3200007.00,0007.00,1310022506,449,192,172,0.0747925903311,7.7004000143e-05,3200007,7.7004051226e-05,0.074792617565827
401,381,1310024808,13100248,1310,3200008.00,0008.00,1310024808,30,17,17,0.00472994559757,9.39049102e-07,3200008,9.39049589e-07,0.004729946996786
402,382,1310020812,13100208,1310,3200001.00,0001.00,1310020812,0,0,0,0.00346284167677,6.41185651e-07,3200001,6.41185984e-07,0.003462842553496
403,383,1310025105,13100251,1310,3200008.00,0008.00,1310025105,113,23,21,0.0270898207478,2.0637882923e-05,3200008,2.0637893619e-05,0.027089828620633
404,384,1310017201,13100172,1310,3200011.00,0011.00,1310017201,146,71,63,0.0111009489225,4.287836711e-06,3200011,4.287838934e-06,0.011100951633853
405,385,1310022001,13100220,1310,3200004.00,0004.00,1310022001,605,293,284,0.0240804920518,2.0631596024e-05,3200004,2.0631606718e-05,0.024080499264023
406,386,1310020818,13100208,1310,3200001.00,0001.00,1310020818,68,52,44,0.00741885959298,2.913362902e-06,3200001,2.913364412e-06,0.007418861803859
407,387,1310030408,13100304,1310,3200009.00,0009.00,1310030408,443,143,136,0.0924873373075,0.000108819151379,3200009,0.000108819207774,0.092487366114688
408,388,1310030126,13100301,1310,3200013.00,0013.00,1310030126,77,39,39,0.010454914936,5.52894151e-06,3200013,5.528944376e-06,0.010454918069774
409,389,1310020302,13100203,1310,3200003.00,0003.00,1310020302,231,150,132,0.0217477012457,2.7973348633e-05,3200003,2.7973363132e-05,0.021747707324362
410,390,1310025602,13100256,1310,3200008.00,0008.00,1310025602,101,43,42,0.00750672191797,3.738311269e-06,3200008,3.738313206e-06,0.007506723947654
411,391,1310024502,13100245,1310,3200015.00,0015.00,1310024502,303,158,151,0.0843900355634,0.000166052740018,3200015,0.000166052805824,0.084390072553978
412,392,1310020103,13100201,1310,3200003.00,0003.00,1310020103,5,1,1,0.0146054970588,1.1271494954e-05,3200003,1.1271500796e-05,0.014605501377814
413,393,1310020902,13100209,1310,3200002.00,0002.00,1310020902,137,76,73,0.00727713561268,2.823837808e-06,3200002,2.823839271e-06,0.00727713776847
414,394,1310018402,13100184,1310,3200012.00,0012.00,1310018402,138,63,58,0.0164797140704,7.23621895e-06,3200012,7.236222701e-06,0.016479718733112
415,395,1310018302,13100183,1310,3200012.00,0012.00,1310018302,65,35,33,0.0115506970291,4.335523101e-06,3200012,4.335525348e-06,0.011550699798643
416,396,1310020102,13100201,1310,3200003.00,0003.00,1310020102,82,37,37,0.00592063211758,2.021310564e-06,3200003,2.021311612e-06,0.005920633825551
417,397,1310020903,13100209,1310,3200002.00,0002.00,1310020903,15,6,6,0.00979064965552,4.413210491e-06,3200002,4.413212778e-06,0.009790652628636
418,398,1310017506,13100175,1310,3200011.00,0011.00,1310017506,123,56,55,0.0180072412399,1.4351719334e-05,3200011,1.4351726773e-05,0.018007246594627
419,399,1310030505,13100305,1310,3200009.00,0009.00,1310030505,154,77,76,0.0142790703917,5.312732515e-06,3200009,5.312735268e-06,0.014279075003328
420,400,1310021203,13100212,1310,3200002.00,0002.00,1310021203,306,206,192,0.0167965687503,1.6119504223e-05,3200002,1.6119512578e-05,0.016796573636545
421,401,1310017607,13100176,1310,3200011.00,0011.00,1310017607,69,38,37,0.0114210139837,7.445591782e-06,3200011,7.445595641e-06,0.011421017318379
422,402,1310020301,13100203,1310,3200003.00,0003.00,1310020301,23,9,9,0.00500024121084,1.553907839e-06,3200003,1.553908644e-06,0.005000242637778
423,403,1310019002,13100190,1310,3200010.00,0010.00,1310019002,39,21,21,0.00728048293614,2.76283247e-06,3200010,2.762833902e-06,0.007280484653052
424,404,1310019803,13100198,1310,3200009.00,0009.00,1310019803,158,77,71,0.0162535301487,1.0268982453e-05,3200009,1.0268987775e-05,0.016253534253823
425,405,1310017204,13100172,1310,3200011.00,0011.00,1310017204,362,172,163,0.0773950196862,0.000145943639246,3200011,0.000145943714896,0.077395043839654
426,406,1310024301,13100243,1310,3200002.00,0002.00,1310024301,115,62,51,0.00938766254278,4.47835433e-06,3200002,4.478356651e-06,0.009387664935104
427,407,1310017505,13100175,1310,3200011.00,0011.00,1310017505,57,24,23,0.00887167978368,3.2017909e-06,3200011,3.20179256e-06,0.008871682517356
428,408,1310020407,13100204,1310,3200003.00,0003.00,1310020407,105,82,78,0.00738855619234,2.899731218e-06,3200003,2.899732721e-06,0.007388558384388
429,409,1310020602,13100206,1310,3200003.00,0003.00,1310020602,119,61,56,0.00734334173372,2.839385859e-06,3200003,2.839387331e-06,0.007343343915067
430,410,1310021704,13100217,1310,3200004.00,0004.00,1310021704,93,40,39,0.0128382128172,6.738204869e-06,3200004,6.738208362e-06,0.0128382160296
431,411,1310025102,13100251,1310,3200008.00,0008.00,1310025102,82,33,31,0.0373769449422,5.9171840948e-05,3200008,5.9171871609e-05,0.037376955271652
432,412,1310017503,13100175,1310,3200011.00,0011.00,1310017503,36,15,15,0.00674347851506,2.102290341e-06,3200011,2.102291431e-06,0.006743480596279
433,413,1310017803,13100178,1310,3200011.00,0011.00,1310017803,173,84,78,0.0171322804858,1.4033176992e-05,3200011,1.4033184266e-05,0.017132285035595
434,414,1310020817,13100208,1310,3200001.00,0001.00,1310020817,0,0,0,0.00657901309647,1.965719461e-06,3200001,1.96572048e-06,0.006579014970873
435,415,1310018103,13100181,1310,3200011.00,0011.00,1310018103,61,24,21,0.00737722485608,2.721629167e-06,3200011,2.721630578e-06,0.007377226767116
436,416,1310018902,13100189,1310,3200012.00,0012.00,1310018902,32,17,17,0.00587740865289,1.715020129e-06,3200012,1.715021018e-06,0.005877410412071
437,417,1310020809,13100208,1310,3200001.00,0001.00,1310020809,0,0,0,0.00724544803424,2.816973076e-06,3200001,2.816974536e-06,0.007245450163353
438,418,1310016902,13100169,1310,3200014.00,0014.00,1310016902,611,241,239,0.131987044203,0.00059386129561,3200014,0.000593861591953,0.131987065214871
439,419,1310030102,13100301,1310,3200013.00,0013.00,1310030102,61,28,26,0.115233413334,0.000707738435798,3200013,0.000707738797985,0.1152331556684
440,420,1310021503,13100215,1310,3200005.00,0005.00,1310021503,0,0,0,0.0109623809371,4.866477447e-06,3200005,4.86647997e-06,0.010962383780733
441,421,1310023004,13100230,1310,3200007.00,0007.00,1310023004,18,8,8,0.00440006984918,1.146711529e-06,3200007,1.146712124e-06,0.00440007111332
442,422,1310023006,13100230,1310,3200007.00,0007.00,1310023006,0,0,0,0.0411724033342,5.4747918501e-05,3200007,5.4747946885e-05,0.041172415934709
443,423,1310025309,13100253,1310,3200008.00,0008.00,1310025309,51,29,27,0.00659750524741,2.176991133e-06,3200008,2.17668732e-06,0.006597485165313
444,424,1310030107,13100301,1310,3200013.00,0013.00,1310030107,88,42,42,0.00828521928597,3.526297131e-06,3200013,3.526298959e-06,0.008285221433915
445,425,1310023001,13100230,1310,3200007.00,0007.00,1310023001,95,34,34,0.0108114228885,4.677661674e-06,3200007,4.677664098e-06,0.010811426081309
446,426,1310020604,13100206,1310,3200003.00,0003.00,1310020604,146,84,74,0.00739435749537,2.90017625e-06,3200003,2.900177753e-06,0.00739435968697
447,427,1310025402,13100254,1310,3200008.00,0008.00,1310025402,48,16,16,0.00762972930299,2.657373151e-06,3200008,2.657374528e-06,0.007629731628667
448,428,1310030124,13100301,1310,3200013.00,0013.00,1310030124,88,30,30,0.00880098277227,2.433163261e-06,3200013,2.433164522e-06,0.008800985333792
449,429,1310020811,13100208,1310,3200001.00,0001.00,1310020811,40,23,19,0.00595918619806,2.073388531e-06,3200001,2.073389605e-06,0.005959187901659
450,430,1310021401,13100214,1310,3200005.00,0005.00,1310021401,83,50,35,0.00737907420023,2.906445429e-06,3200005,2.906446936e-06,0.007379076382167
451,431,1310030123,13100301,1310,3200013.00,0013.00,1310030123,54,21,20,0.00636388957212,1.867251075e-06,3200013,1.867252043e-06,0.006363891505405
452,432,1310022404,13100224,1310,3200005.00,0005.00,1310022404,174,103,78,0.0261502571811,3.9700353586e-05,3200005,3.9700374164e-05,0.026150264752231
453,433,1310020819,13100208,1310,3200001.00,0001.00,1310020819,5,2,2,0.0072250806789,2.814051771e-06,3200001,2.814053229e-06,0.007225082857558
454,434,1310018807,13100188,1310,3200012.00,0012.00,1310018807,41,14,14,0.00613572115656,1.763781205e-06,3200012,1.76378212e-06,0.006135723030805
455,435,1310018006,13100180,1310,3200011.00,0011.00,1310018006,427,223,195,0.060870391329,0.000102786769298,3200011,0.00010278612162,0.060869971377691
456,436,1310024710,13100247,1310,3200008.00,0008.00,1310024710,0,1,1,0.00958600324645,5.443987288e-06,3200008,5.44399011e-06,0.009586005825279
457,437,1310024810,13100248,1310,3200008.00,0008.00,1310024810,10,8,8,0.00448791361247,6.79871503e-07,3200008,6.79871856e-07,0.004487914962971
458,438,1310023103,13100231,1310,3200006.00,0006.00,1310023103,30,12,12,0.00449950706184,1.206303779e-06,3200006,1.206304404e-06,0.004499508301424
459,439,1310023902,13100239,1310,3200006.00,0006.00,1310023902,293,136,131,0.123584973703,0.000307742957651,3200006,0.000307743126123,0.123585000973213
460,440,1310021404,13100214,1310,3200005.00,0005.00,1310021404,212,141,97,0.0114625281923,5.80985443e-06,3200005,5.809857441e-06,0.011462531071719
461,441,1310023803,13100238,1310,3200006.00,0006.00,1310023803,105,33,33,0.00961751087018,4.411772314e-06,3200006,4.411774602e-06,0.009617513408269
462,442,1310023002,13100230,1310,3200007.00,0007.00,1310023002,34,17,15,0.00678679457199,2.475055216e-06,3200007,2.475056499e-06,0.006786796568994
463,443,1310031902,13100319,1310,3200010.00,0010.00,1310031902,58,25,25,0.00704944315351,2.511698352e-06,3200010,2.511699653e-06,0.007049445037302
464,444,1310017001,13100170,1310,3200014.00,0014.00,1310017001,10,4,4,0.00438110729283,8.28603e-07,3200014,8.28603429e-07,0.004381108431967
465,445,1310016901,13100169,1310,3200014.00,0014.00,1310016901,31,11,11,0.00453225490606,1.37273129e-06,3200014,1.372732001e-06,0.004532256081147
466,446,1310017009,13100170,1310,3200014.00,0014.00,1310017009,954,405,390,0.0842503117677,0.000122373143722,3200014,0.000122374566636,0.084249791880787
467,447,1310024101,13100241,1310,3200015.00,0015.00,1310024101,238,106,101,0.06627976868,0.0001752064131,3200015,0.000175206503924,0.066279787010232
468,448,1310017606,13100176,1310,3200011.00,0011.00,1310017606,53,26,26,0.00772460324434,2.232277152e-06,3200011,2.232278309e-06,0.007724605648073
469,449,1310022906,13100229,1310,3200007.00,0007.00,1310022906,53,20,19,0.0067892721105,2.701382591e-06,3200007,2.701383991e-06,0.006789273775773
470,450,1310023303,13100233,1310,3200006.00,0006.00,1310023303,103,40,38,0.00887359644818,4.66420946e-06,3200006,4.664211878e-06,0.008873599115816
471,451,1310023014,13100230,1310,3200007.00,0007.00,1310023014,0,1,1,0.0367272275296,4.8719250616e-05,3200007,4.8719275874e-05,0.036727236582524
472,452,1310030401,13100304,1310,3200009.00,0009.00,1310030401,83,43,40,0.0110884534995,5.305054551e-06,3200009,5.3050573e-06,0.011088456996834
473,453,1310023204,13100232,1310,3200006.00,0006.00,1310023204,37,15,15,0.00946105157323,4.3936846e-06,3200006,4.393108622e-06,0.009460992353729
474,454,1310032007,13100320,1310,3200010.00,0010.00,1310032007,22,12,12,0.00352571931143,6.91861833e-07,3200010,6.91862192e-07,0.003525720246655
475,455,1310022201,13100222,1310,3200004.00,0004.00,1310022201,113,49,44,0.0131000749083,5.908922181e-06,3200004,5.908925243e-06,0.013100078847377
476,456,1310022904,13100229,1310,3200007.00,0007.00,1310022904,96,41,39,0.0110578427201,4.317798046e-06,3200007,4.317800285e-06,0.011057846100915
477,457,1310021901,13100219,1310,3200004.00,0004.00,1310021901,1122,613,585,0.0756391421709,0.000251445410016,3200004,0.000251445540339,0.075639164849603
478,458,1310020815,13100208,1310,3200001.00,0001.00,1310020815,23,2,2,0.0031643607689,6.19350398e-07,3200001,6.19350719e-07,0.003164361605953
479,459,1310017507,13100175,1310,3200011.00,0011.00,1310017507,31,16,15,0.0058443134794,1.695792675e-06,3200011,1.695793554e-06,0.005844315045449
480,460,1310020106,13100201,1310,3200003.00,0003.00,1310020106,54,23,23,0.00885307729074,3.126007598e-06,3200003,3.126009218e-06,0.008853079993341
481,461,1310020907,13100209,1310,3200002.00,0002.00,1310020907,78,53,43,0.00730345942806,2.848730686e-06,3200002,2.848732162e-06,0.007303461591793
482,462,1310019805,13100198,1310,3200009.00,0009.00,1310019805,32,18,17,0.00652766618139,2.41270965e-06,3200009,2.4127109e-06,0.006527667704949
483,463,1310019004,13100190,1310,3200010.00,0010.00,1310019004,102,45,45,0.0102980997214,5.448678919e-06,3200010,5.448681743e-06,0.010298102662777
484,464,1310025406,13100254,1310,3200008.00,0008.00,1310025406,98,42,40,0.0152878884448,6.513777435e-06,3200008,6.513780811e-06,0.015287892990627
485,465,1310020702,13100207,1310,3200003.00,0003.00,1310020702,146,69,66,0.00773851599626,3.13553485e-06,3200003,3.135536476e-06,0.00773851829223
486,466,1310017404,13100174,1310,3200011.00,0011.00,1310017404,69,36,35,0.0143734302719,1.2661018705e-05,3200011,1.2661025267e-05,0.014373434376517
487,467,1310023206,13100232,1310,3200006.00,0006.00,1310023206,46,16,16,0.00720505308903,3.17536191e-06,3200006,3.175363556e-06,0.007205054919858
488,468,1310022206,13100222,1310,3200004.00,0004.00,1310022206,70,35,31,0.009249959433,5.097541423e-06,3200004,5.097544066e-06,0.009249962082577
489,469,1310018601,13100186,1310,3200012.00,0012.00,1310018601,50,14,14,0.00514793765158,1.478473793e-06,3200012,1.478474559e-06,0.005147939120423
490,470,1310025407,13100254,1310,3200008.00,0008.00,1310025407,36,17,16,0.00638043390956,2.30098847e-06,3200008,2.300989662e-06,0.00638043546951
491,471,1310021104,13100211,1310,3200002.00,0002.00,1310021104,71,53,49,0.007322988818,2.834810288e-06,3200002,2.834811757e-06,0.007322990990902
492,472,1310025201,13100252,1310,3200008.00,0008.00,1310025201,133,61,59,0.0495041560404,4.1571596611e-05,3200008,4.1571618156e-05,0.049504171409558
493,473,1310030131,13100301,1310,3200013.00,0013.00,1310030131,74,35,34,0.00822227583989,1.904174341e-06,3200013,1.904175328e-06,0.008222278401285
494,474,1310017802,13100178,1310,3200011.00,0011.00,1310017802,224,83,76,0.0136043883869,1.1524856464e-05,3200011,1.1524862438e-05,0.013604392069578
495,475,1310017003,13100170,1310,3200014.00,0014.00,1310017003,43,16,16,0.00612679962265,1.790409479e-06,3200014,1.790410407e-06,0.006126801456107
496,476,1310022402,13100224,1310,3200005.00,0005.00,1310022402,242,151,108,0.0527013403593,6.282969681e-05,3200005,6.2829729378e-05,0.052701354526775
497,477,1310025404,13100254,1310,3200008.00,0008.00,1310025404,0,2,1,0.0127017399693,7.429538179e-06,3200008,7.429542029e-06,0.012701743034973
498,478,1310018903,13100189,1310,3200012.00,0012.00,1310018903,40,16,16,0.00602281807557,1.804051469e-06,3200012,1.804052404e-06,0.00602281984195
499,479,1310018102,13100181,1310,3200011.00,0011.00,1310018102,106,44,40,0.0111798357571,4.903916874e-06,3200011,4.903919416e-06,0.011179838996587
500,480,1310018802,13100188,1310,3200012.00,0012.00,1310018802,44,18,18,0.00803513482403,2.534043538e-06,3200012,2.534044851e-06,0.008035137302013
501,481,1310018003,13100180,1310,3200011.00,0011.00,1310018003,34,22,20,0.00723185538885,2.776637787e-06,3200011,2.776639226e-06,0.007231857350555
502,482,1310020820,13100208,1310,3200001.00,0001.00,1310020820,23,17,16,0.00920259903766,4.000429571e-06,3200001,4.000431645e-06,0.009202601835866
503,483,1310018801,13100188,1310,3200012.00,0012.00,1310018801,70,30,30,0.00813589872903,2.636555157e-06,3200012,2.636556524e-06,0.00813590124192
504,484,1310020001,13100200,1310,3200009.00,0009.00,1310020001,44,18,17,0.00619716891372,2.224584716e-06,3200009,2.224585869e-06,0.006197170530059
505,485,1310017104,13100171,1310,3200014.00,0014.00,1310017104,19,8,8,0.00266776456529,4.34064569e-07,3200014,4.34064794e-07,0.002667765290997
506,486,1310031903,13100319,1310,3200010.00,0010.00,1310031903,294,135,129,0.0247662077371,1.7356940785e-05,3200010,1.7356951867e-05,0.02476621180109
507,487,1310017701,13100177,1310,3200016.00,0016.00,1310017701,0,0,0,0.00430876330456,9.88501669e-07,3200016,9.88502181e-07,0.004308764422341
508,488,1310019001,13100190,1310,3200010.00,0010.00,1310019001,42,21,21,0.0073478431712,2.865274494e-06,3200010,2.865275979e-06,0.007347844901289
509,489,1310018206,13100182,1310,3200017.00,0017.00,1310018206,31,13,13,0.00600488530605,1.719230616e-06,3200017,1.719231507e-06,0.006004887055952
510,490,1310020101,13100201,1310,3200003.00,0003.00,1310020101,135,69,66,0.00825305320372,4.016933226e-06,3200003,4.016935308e-06,0.008253055490624
511,491,1310022405,13100224,1310,3200005.00,0005.00,1310022405,74,0,0,0.0234081900267,3.0183359887e-05,3200005,3.0183375532e-05,0.02340819693071
512,492,1310030504,13100305,1310,3200009.00,0009.00,1310030504,67,28,28,0.00758197489971,3.281696799e-06,3200009,3.2816985e-06,0.007581977064027
513,493,1310024401,13100244,1310,3200015.00,0015.00,1310024401,545,283,252,0.0595721011137,0.00011326071001,3200015,0.000113260768721,0.059572119155808
514,494,1310017509,13100175,1310,3200011.00,0011.00,1310017509,88,43,39,0.0075575627666,3.456297144e-06,3200011,3.456298935e-06,0.007557564858176
515,495,1310021804,13100218,1310,3200004.00,0004.00,1310021804,143,60,57,0.0164588174746,7.965421062e-06,3200004,7.965425191e-06,0.016458822328587
516,496,1310030310,13100303,1310,3200009.00,0009.00,1310030310,36,11,11,0.0052569700111,1.67763969e-06,3200009,1.67764056e-06,0.005256971510927
517,497,1310024714,13100247,1310,3200008.00,0008.00,1310024714,0,0,0,0.0203741630955,1.0415469713e-05,3200008,1.0415475112e-05,0.020374169358172
518,498,1310022501,13100225,1310,3200007.00,0007.00,1310022501,89,25,25,0.00582803178506,1.182775829e-06,3200007,1.182776443e-06,0.005828033600102
519,499,1310019502,13100195,1310,3200013.00,0013.00,1310019502,105,41,38,0.0123331688066,5.721985003e-06,3200013,5.721987969e-06,0.012333172367753
520,500,1310025103,13100251,1310,3200008.00,0008.00,1310025103,15,5,5,0.013709485339,5.988705808e-06,3200008,5.988708912e-06,0.013709489549769
